Scene,Run 1,Run 2,Run 3,Run 4,Run 5,Run 6,Run 7,Run 8,Run 9,Run 10,Average,Frame Time
QEW Headless,31.598,33.461,34.338,33.376,33.419,33.989,33.907,33.679,34.33,34.259,33.6356,101.6181269
QEW Aux,36.346,36.244,36.469,36.236,37.406,36.259,36.295,36.314,37.884,36.172,36.5625,110.4607251
Hwy3 Headless,28.658,28.855,28.589,28.84,28.799,28.51,28.784,28.823,28.771,28.802,28.7431,55.48861004
Hwy3 Aux,34.292,34.104,33.984,33.794,33.859,34.277,33.818,34.174,34.326,33.557,34.0185,65.67277992
